antecedent,consequent,count
模型,模型,371553
模型,围巾,369536
围巾,模型,369465
文具,模型,368978
模型,文具,368409
围巾,围巾,367665
围巾,文具,366897
文具,围巾,365861
文具,文具,364882
模型,卫浴用品,361797
卫浴用品,模型,361770
围巾,卫浴用品,360547
卫浴用品,围巾,359328
模型,水果,359062
水果,模型,358694
卫浴用品,文具,358503
水果,围巾,358410
水果,文具,357782
围巾,水果,357535
文具,卫浴用品,357389
饮料,模型,356066
智能手机,模型,356041
文具,水果,355979
模型,饮料,355306
围巾,饮料,355211
模型,智能手机,355152
饮料,围巾,354673
饮料,文具,354621
文具,饮料,353573
智能手机,围巾,353258
围巾,智能手机,352594
裙子,模型,352076
智能手机,文具,351921
模型,零食,351674
围巾,裙子,351382
模型,裙子,351179
文具,智能手机,350923
零食,模型,350780
卫浴用品,水果,350644
裙子,围巾,350268
卫浴用品,卫浴用品,350097
零食,围巾,349437
零食,文具,349292
水果,卫浴用品,349123
文具,裙子,349078
水果,水果,349000
围巾,零食,348909
裙子,文具,348554
文具,零食,348223
耳机,模型,347644
模型,游戏机,347638
游戏机,模型,347626
模型,耳机,347561
饮料,卫浴用品,347035
裤子,模型,347026
模型,裤子,346949
卫浴用品,饮料,346585
耳机,围巾,346144
水果,饮料,345927
模型,益智玩具,345617
裤子,围巾,345579
围巾,耳机,345470
围巾,游戏机,345446
水果,智能手机,345440
智能手机,卫浴用品,345369
文具,耳机,345290
游戏机,围巾,345288
益智玩具,模型,345190
卫浴用品,智能手机,345178
文具,裤子,344807
裤子,文具,344604
笔记本电脑,模型,344577
围巾,裤子,344524
耳机,文具,344311
游戏机,文具,344266
文具,游戏机,344260
智能手机,水果,344237
饮料,水果,344114
围巾,益智玩具,343985
益智玩具,围巾,343972
模型,健身器材,343789
模型,笔记本电脑,343500
健身器材,模型,343438
益智玩具,文具,343248
笔记本电脑,围巾,343087
卫浴用品,裙子,343007
健身器材,围巾,342733
文具,益智玩具,342695
智能手表,模型,342650
裙子,卫浴用品,342577
围巾,笔记本电脑,342247
卫浴用品,零食,342214
模型,智能手表,342201
智能手表,围巾,342144
围巾,健身器材,341970
饮料,饮料,341967
水果,裙子,341791
零食,卫浴用品,341781
围巾,智能手表,341749
智能手机,饮料,341736
模型,儿童课外读物,341269
文具,笔记本电脑,341245
健身器材,文具,341111
笔记本电脑,文具,340860
裙子,水果,340821
模型,内衣,340754
智能手表,文具,340741
饮料,智能手机,340698
智能手机,智能手机,340582
文具,健身器材,340563
内衣,模型,340545
水果,零食,340529
围巾,内衣,340456
文具,智能手表,340312
内衣,围巾,340244
儿童课外读物,模型,340244
模型,外套,339798
外套,围巾,339476
儿童课外读物,文具,339415
零食,水果,339403
围巾,儿童课外读物,339341
外套,模型,339322
儿童课外读物,围巾,339214
裙子,饮料,339005
内衣,文具,338745
围巾,外套,338603
饮料,裙子,338560
卫浴用品,耳机,338495
卫浴用品,游戏机,338304
卫浴用品,裤子,338172
文具,儿童课外读物,338115
游戏机,卫浴用品,337938
耳机,卫浴用品,337922
文具,内衣,337781
外套,文具,337620
耳机,水果,337563
裤子,卫浴用品,337541
饮料,零食,337465
文具,外套,337465
水果,耳机,337397
零食,饮料,337036
智能手机,零食,337032
婴儿用品,模型,337024
模型,婴儿用品,336841
智能手机,裙子,336820
游戏机,水果,336766
裙子,智能手机,336630
零食,智能手机,336581
卫浴用品,益智玩具,336560
益智玩具,卫浴用品,336386
裤子,水果,336312
水果,裤子,336074
水果,游戏机,336007
模型,帽子,335852
帽子,围巾,335849
模型,车载电子,335830
帽子,模型,335668
车载电子,模型,335522
健身器材,卫浴用品,335499
围巾,婴儿用品,335440
婴儿用品,围巾,335434
益智玩具,水果,335342
模型,平板电脑,335338
肉类,模型,335286
裙子,裙子,335192
模型,肉类,335182
平板电脑,模型,334956
平板电脑,围巾,334721
模型,相机,334712
水果,益智玩具,334579
笔记本电脑,卫浴用品,334569
围巾,相机,334566
笔记本电脑,水果,334420
卫浴用品,笔记本电脑,334381
饮料,耳机,334297
相机,模型,334285
婴儿用品,文具,334266
文具,婴儿用品,334205
智能手机,耳机,334140
饮料,游戏机,334083
游戏机,饮料,334033
耳机,饮料,334021
围巾,车载电子,334016
相机,围巾,333906
家具,模型,333790
裙子,零食,333777
围巾,平板电脑,333663
游戏机,智能手机,333614
健身器材,水果,333614
卫浴用品,健身器材,333547
模型,家具,333546
饮料,裤子,333546
零食,裙子,333503
家具,围巾,333473
围巾,帽子,333453
帽子,文具,333421
卫浴用品,智能手表,333355
肉类,围巾,333292
围巾,肉类,333281
耳机,智能手机,333263
水果,健身器材,333210
车载电子,围巾,333093
文具,肉类,333083
文具,平板电脑,333079
文具,车载电子,333043
裤子,饮料,333033
智能手表,卫浴用品,332978
相机,文具,332919
水果,智能手表,332821
文具,帽子,332785
肉类,文具,332712
文具,相机,332697
水果,笔记本电脑,332617
车载电子,文具,332579
饮料,益智玩具,332421
零食,零食,332369
儿童课外读物,卫浴用品,332352
围巾,家具,332174
家具,文具,332070
裤子,智能手机,332054
智能手机,裤子,331937
平板电脑,文具,331761
卫浴用品,儿童课外读物,331709
智能手表,水果,331644
益智玩具,饮料,331583
智能手机,游戏机,331512
饮料,笔记本电脑,331452
卫浴用品,内衣,331408
水果,儿童课外读物,331331
文具,家具,331287
智能手机,益智玩具,331227
内衣,卫浴用品,330994
益智玩具,智能手机,330924
裙子,耳机,330682
零食,耳机,330553
笔记本电脑,饮料,330547
水果,内衣,330366
内衣,水果,330363
外套,卫浴用品,330275
裤子,裙子,330267
米面,模型,330260
耳机,裙子,330219
模型,米面,330134
健身器材,饮料,330059
耳机,零食,329909
儿童课外读物,水果,329776
益智玩具,裙子,329775
智能手机,笔记本电脑,329721
饮料,健身器材,329480
健身器材,智能手机,329364
笔记本电脑,智能手机,329309
裙子,游戏机,329260
卫浴用品,外套,329158
裤子,零食,329090
游戏机,裙子,329068
饮料,智能手表,328979
智能手机,健身器材,328875
智能手表,饮料,328868
米面,围巾,328755
智能手表,智能手机,328708
水果,外套,328663
模型,手套,328649
外套,水果,328373
游戏机,零食,328348
零食,游戏机,328234
蔬菜,模型,328191
智能手机,智能手表,328140
零食,裤子,328134
裙子,益智玩具,328134
裙子,裤子,328111
围巾,米面,328013
内衣,饮料,327905
手套,模型,327742
围巾,手套,327737
模型,蔬菜,327714
卫浴用品,婴儿用品,327630
零食,益智玩具,327598
益智玩具,零食,327430
健身器材,裙子,327410
儿童课外读物,饮料,327398
婴儿用品,卫浴用品,327312
裙子,笔记本电脑,327214
蔬菜,围巾,327180
饮料,内衣,327168
手套,围巾,327155
外套,饮料,327139
文具,米面,327105
围巾,蔬菜,327092
耳机,耳机,327068
裙子,健身器材,327060
平板电脑,卫浴用品,327046
笔记本电脑,裙子,327035
饮料,儿童课外读物,327008
智能手机,内衣,326916
米面,文具,326887
卫浴用品,帽子,326715
帽子,卫浴用品,326664
婴儿用品,水果,326611
智能手机,儿童课外读物,326611
手套,文具,326605
儿童课外读物,智能手机,326536
卫浴用品,平板电脑,326500
肉类,卫浴用品,326466
裤子,耳机,326451
卫浴用品,肉类,326428
内衣,智能手机,326421
床上用品,模型,326314
蛋奶,模型,326243
卫浴用品,相机,326169
饮料,外套,326124
相机,卫浴用品,326122
文具,手套,326047
水果,婴儿用品,326026
车载电子,卫浴用品,325972
游戏机,耳机,325900
模型,床上用品,325897
卫浴用品,车载电子,325887
蔬菜,文具,325880
水果,帽子,325801
帽子,水果,325698
相机,水果,325607
笔记本电脑,零食,325603
肉类,水果,325582
模型,蛋奶,325546
水果,相机,325393
智能手机,外套,325283
智能手表,裙子,325176
健身器材,零食,325175
裙子,智能手表,325158
家具,卫浴用品,325152
水果,平板电脑,325121
零食,健身器材,325009
卫浴用品,家具,324998
围巾,床上用品,324922
耳机,游戏机,324908
玩具,模型,324905
床上用品,围巾,324852
零食,笔记本电脑,324783
耳机,裤子,324727
文具,蔬菜,324693
模型,玩具,324677
耳机,益智玩具,324674
水果,车载电子,324565
蛋奶,围巾,324532
户外装备,模型,324531
床上用品,文具,324365
零食,智能手表,324352
车载电子,水果,324221
外套,智能手机,324210
模型,户外装备,324196
平板电脑,水果,324130
水果,肉类,324103
裤子,裤子,324013
玩具,围巾,323982
益智玩具,耳机,323956
智能手表,零食,323940
裙子,儿童课外读物,323896
蛋奶,文具,323865
游戏机,游戏机,323826
裤子,游戏机,323787
围巾,玩具,323779
家具,水果,323601
模型,厨具,323580
模型,汽车装饰,323502
婴儿用品,饮料,323439
内衣,裙子,323422
儿童课外读物,裙子,323324
围巾,蛋奶,323310
饮料,帽子,323252
游戏机,裤子,323245
水果,家具,323210
文具,蛋奶,323191
婴儿用品,智能手机,323128
车载电子,饮料,323112
零食,内衣,323108
裙子,内衣,323104
裤子,益智玩具,323078
益智玩具,裤子,322964
裙子,外套,322954
帽子,饮料,322888
饮料,车载电子,322850
内衣,零食,322845
文具,玩具,322835
儿童课外读物,零食,322772
饮料,平板电脑,322703
相机,饮料,322611
耳机,健身器材,322598
笔记本电脑,耳机,322558
饮料,婴儿用品,322460
益智玩具,益智玩具,322444
耳机,笔记本电脑,322417
益智玩具,游戏机,322399
智能手表,耳机,322395
智能手机,婴儿用品,322385
文具,床上用品,322257
户外装备,围巾,322230
汽车装饰,模型,322197
厨具,模型,322132
玩具,文具,322129
家具,饮料,322123
零食,儿童课外读物,321989
游戏机,益智玩具,321980
健身器材,耳机,321818
外套,裙子,321817
围巾,户外装备,321776
肉类,饮料,321715
帽子,智能手机,321688
智能手机,肉类,321650
健身器材,游戏机,321645
裤子,笔记本电脑,321545
游戏机,健身器材,321505
益智玩具,笔记本电脑,321492
平板电脑,饮料,321491
游戏机,笔记本电脑,321468
模型,上衣,321426
笔记本电脑,裤子,321395
汽车装饰,围巾,321391
智能手机,相机,321382
智能手机,平板电脑,321347
相机,智能手机,321309
文具,户外装备,321292
裤子,智能手表,321234
健身器材,裤子,321211
车载电子,智能手机,321193
健身器材,益智玩具,321163
上衣,模型,321151
智能手机,帽子,321137
户外装备,文具,321124
厨具,围巾,321098
文具,汽车装饰,321097
耳机,智能手表,321078
围巾,汽车装饰,321060
米面,卫浴用品,320984
零食,外套,320967
内衣,耳机,320913
饮料,肉类,320911
饮料,相机,320886
智能手机,家具,320882
饮料,家具,320867
笔记本电脑,游戏机,320818
益智玩具,健身器材,320793
卫浴用品,米面,320787
平板电脑,智能手机,320760
围巾,厨具,320721
肉类,智能手机,320636
模型,办公用品,320608
办公用品,模型,320597
汽车装饰,文具,320572
外套,零食,320570
耳机,儿童课外读物,320564
文具,厨具,320492
裤子,健身器材,320491
智能手机,车载电子,320433
裙子,婴儿用品,320388
厨具,文具,320320
笔记本电脑,健身器材,320147
卫浴用品,手套,320084
卫浴用品,蔬菜,320068
耳机,内衣,320044
上衣,围巾,319960
蔬菜,卫浴用品,319952
智能手表,裤子,319890
米面,水果,319748
围巾,上衣,319745
外套,耳机,319740
儿童课外读物,耳机,319641
智能手表,游戏机,319601
家具,智能手机,319469
笔记本电脑,益智玩具,319424
办公用品,围巾,319377
健身器材,健身器材,319360
裤子,儿童课外读物,319302
笔记本电脑,笔记本电脑,319238
游戏机,智能手表,319229
围巾,办公用品,319190
耳机,外套,319154
水果,米面,319151
水果,手套,319132
儿童课外读物,裤子,319107
婴儿用品,裙子,319044
健身器材,笔记本电脑,318911
水产,模型,318901
儿童课外读物,游戏机,318847
零食,婴儿用品,318835
游戏机,儿童课外读物,318802
平板电脑,裙子,318773
内衣,裤子,318731
婴儿用品,零食,318719
益智玩具,儿童课外读物,318680
帽子,零食,318669
模型,水产,318660
裙子,平板电脑,318603
益智玩具,智能手表,318483
上衣,文具,318455
智能手表,益智玩具,318446
相机,裙子,318380
内衣,游戏机,318352
手套,水果,318328
游戏机,内衣,318324
车载电子,裙子,318265
水果,蔬菜,318200
裤子,内衣,318153
裙子,肉类,318133
裙子,相机,318128
肉类,裙子,318043
家具,裙子,318032
裙子,车载电子,318030
智能手表,笔记本电脑,318021
手套,卫浴用品,318017
裙子,帽子,318005
肉类,零食,317970
儿童课外读物,益智玩具,317847
帽子,裙子,317811
蔬菜,水果,317800
零食,帽子,317791
裤子,外套,317736
文具,上衣,317630
零食,平板电脑,317497
智能手表,健身器材,317431
零食,相机,317425
平板电脑,零食,317395
笔记本电脑,智能手表,317335
车载电子,零食,317329
米面,饮料,317184
围巾,水产,317154
相机,零食,317137
文具,办公用品,317134
外套,游戏机,317108
内衣,健身器材,316860
床上用品,卫浴用品,316851
内衣,益智玩具,316850
裙子,家具,316811
耳机,肉类,316776
游戏机,外套,316738
卫浴用品,玩具,316732
水产,文具,316650
外套,裤子,316630
健身器材,儿童课外读物,316622
内衣,笔记本电脑,316606
蛋奶,卫浴用品,316518
卫浴用品,床上用品,316500
饮料,手套,316479
零食,肉类,316452
健身器材,智能手表,316418
水果,床上用品,316392
外套,益智玩具,316384
家具,零食,316377
饮料,米面,316366
益智玩具,外套,316355
儿童课外读物,笔记本电脑,316321
办公用品,文具,316300
零食,家具,316269
健身器材,内衣,316238
水产,围巾,316140
益智玩具,内衣,316127
饮料,蔬菜,316127
笔记本电脑,儿童课外读物,316099
米面,智能手机,316017
零食,车载电子,315925
婴儿用品,游戏机,315840
婴儿用品,耳机,315812
文具,水产,315777
卫浴用品,蛋奶,315760
外套,笔记本电脑,315752
耳机,婴儿用品,315731
肉类,耳机,315711
耳机,帽子,315697
玩具,水果,315638
蔬菜,饮料,315616
水果,蛋奶,315611
智能手机,手套,315577
玩具,卫浴用品,315556
儿童课外读物,健身器材,315508
婴儿用品,裤子,315492
耳机,平板电脑,315490
手套,饮料,315455
水果,玩具,315442
智能手表,智能手表,315419
蛋奶,水果,315401
耳机,车载电子,315378
笔记本电脑,内衣,315376
床上用品,水果,315354
裤子,平板电脑,315302
户外装备,卫浴用品,315287
卫浴用品,厨具,315242
内衣,智能手表,315211
卫浴用品,户外装备,315168
智能手机,米面,315149
车载电子,耳机,315124
外套,健身器材,315082
健身器材,外套,315007
智能手表,内衣,314941
平板电脑,耳机,314937
笔记本电脑,外套,314923
相机,耳机,314784
户外装备,水果,314682
游戏机,肉类,314665
游戏机,婴儿用品,314611
汽车装饰,卫浴用品,314571
智能手表,儿童课外读物,314544
裤子,婴儿用品,314519
帽子,耳机,314498
儿童课外读物,智能手表,314461
平板电脑,裤子,314444
帽子,裤子,314379
耳机,相机,314229
内衣,儿童课外读物,314206
卫浴用品,汽车装饰,314154
裤子,相机,314150
车载电子,游戏机,314097
水果,户外装备,314067
游戏机,帽子,314023
肉类,裤子,313987
手套,智能手机,313928
厨具,卫浴用品,313909
耳机,家具,313898
益智玩具,平板电脑,313864
蔬菜,智能手机,313753
相机,游戏机,313735
饮料,蛋奶,313690
肉类,游戏机,313662
游戏机,车载电子,313659
裤子,肉类,313658
米面,裙子,313644
儿童课外读物,儿童课外读物,313637
智能手表,外套,313605
水果,汽车装饰,313592
相机,裤子,313550
帽子,益智玩具,313536
调味品,模型,313526
家具,耳机,313502
蛋奶,饮料,313483
游戏机,平板电脑,313447
婴儿用品,益智玩具,313436
调味品,文具,313396
汽车装饰,水果,313348
平板电脑,游戏机,313328
零食,米面,313314
裤子,车载电子,313278
裤子,帽子,313271
智能手机,蔬菜,313232
裙子,米面,313210
游戏机,相机,313204
模型,调味品,313013
相机,益智玩具,312974
益智玩具,婴儿用品,312961
围巾,调味品,312880
儿童课外读物,内衣,312851
饮料,玩具,312807
帽子,游戏机,312795
益智玩具,车载电子,312785
外套,内衣,312775
车载电子,裤子,312749
床上用品,饮料,312689
内衣,内衣,312605
肉类,益智玩具,312569
内衣,外套,312490
智能手机,床上用品,312461
外套,智能手表,312458
健身器材,婴儿用品,312451
卫浴用品,上衣,312425
厨具,水果,312335
笔记本电脑,婴儿用品,312331
上衣,卫浴用品,312289
儿童课外读物,外套,312273
益智玩具,帽子,312266
蛋奶,智能手机,312260
裤子,家具,312233
家具,游戏机,312226
水果,厨具,312156
外套,儿童课外读物,312059
智能手机,蛋奶,312059
游戏机,家具,312043
调味品,围巾,312037
饮料,床上用品,311968
家具,益智玩具,311967
益智玩具,肉类,311965
米面,零食,311960
玩具,饮料,311943
户外装备,饮料,311936
平板电脑,益智玩具,311931
婴儿用品,健身器材,311809
手套,裙子,311804
婴儿用品,笔记本电脑,311796
裙子,手套,311755
智能手机,玩具,311703
裙子,蔬菜,311691
零食,手套,311622
相机,笔记本电脑,311576
上衣,水果,311552
办公用品,卫浴用品,311534
健身器材,帽子,311515
健身器材,相机,311498
健身器材,车载电子,311449
蔬菜,裙子,311397
车载电子,益智玩具,311340
婴儿用品,智能手表,311315
饮料,户外装备,311293
健身器材,肉类,311275
益智玩具,家具,311237
益智玩具,相机,311202
床上用品,智能手机,311202
玩具,智能手机,311199
蔬菜,零食,311194
帽子,笔记本电脑,311186
家具,裤子,311185
帽子,健身器材,311123
水果,上衣,311117
智能手表,婴儿用品,311059
文具,调味品,311031
肉类,健身器材,311018
笔记本电脑,平板电脑,311007
外套,外套,310990
笔记本电脑,肉类,310982
车载电子,笔记本电脑,310972
卫浴用品,办公用品,310961
智能手机,户外装备,310941
相机,健身器材,310817
水果,办公用品,310784
车载电子,健身器材,310701
米面,耳机,310640
平板电脑,健身器材,310620
零食,蔬菜,310525
家具,健身器材,310488
办公用品,水果,310486
笔记本电脑,车载电子,310466
平板电脑,笔记本电脑,310440
饮料,厨具,310428
肉类,笔记本电脑,310422
饮料,汽车装饰,310372
智能手表,平板电脑,310208
手套,零食,310207
健身器材,平板电脑,310094
户外装备,智能手机,310086
笔记本电脑,相机,310049
笔记本电脑,帽子,310045
水产,卫浴用品,310041
婴儿用品,儿童课外读物,309952
笔记本电脑,家具,309914
儿童课外读物,婴儿用品,309881
平板电脑,智能手表,309849
帽子,智能手表,309789
裙子,床上用品,309754
智能手表,相机,309733
耳机,米面,309679
肉类,智能手表,309652
健身器材,家具,309650
卫浴用品,水产,309605
床上用品,裙子,309550
汽车装饰,饮料,309539
智能手表,肉类,309526
相机,智能手表,309514
家具,笔记本电脑,309493
裙子,蛋奶,309441
厨具,饮料,309378
智能手表,帽子,309294
婴儿用品,内衣,309282
智能手机,厨具,309272
零食,床上用品,309224
车载电子,智能手表,309194
车载电子,内衣,309170
米面,游戏机,309134
内衣,平板电脑,309051
裤子,米面,309033
帽子,儿童课外读物,309016
儿童课外读物,帽子,308979
汽车装饰,智能手机,308961
智能手机,汽车装饰,308944
裙子,玩具,308893
水果,水产,308880
智能手表,车载电子,308872
智能手表,家具,308869
婴儿用品,外套,308864
家具,智能手表,308851
相机,内衣,308848
平板电脑,儿童课外读物,308710
内衣,婴儿用品,308707
儿童课外读物,相机,308621
厨具,智能手机,308611
零食,蛋奶,308596
上衣,饮料,308591
内衣,肉类,308571
耳机,手套,308560
水产,水果,308559
蛋奶,裙子,308553
儿童课外读物,车载电子,308478
手套,耳机,308477
相机,儿童课外读物,308438
儿童课外读物,平板电脑,308393
蔬菜,耳机,308352
车载电子,儿童课外读物,308312
米面,益智玩具,308254
玩具,零食,308241
户外装备,裙子,308219
平板电脑,内衣,308193
米面,裤子,308186
饮料,上衣,308171
玩具,裙子,308132
游戏机,米面,308051
耳机,蔬菜,308022
肉类,内衣,308009
肉类,儿童课外读物,308008
帽子,内衣,307997
裙子,户外装备,307952
游戏机,手套,307815
办公用品,饮料,307810
外套,婴儿用品,307794
相机,外套,307793
外套,帽子,307736
内衣,相机,307722
内衣,帽子,307698
零食,玩具,307693
上衣,智能手机,307692
外套,相机,307642
智能手机,上衣,307633
益智玩具,米面,307571
模型,音响,307510
肉类,外套,307465
床上用品,零食,307465
蛋奶,零食,307410
儿童课外读物,肉类,307392
智能手机,办公用品,307331
帽子,外套,307302
模型,鞋子,307278
家具,儿童课外读物,307273
裤子,手套,307249
外套,平板电脑,307194
外套,肉类,307173
手套,裤子,307062
手套,益智玩具,307055
零食,户外装备,307031
水产,饮料,307007
裤子,蔬菜,307001
户外装备,零食,307000
内衣,家具,306989
儿童课外读物,家具,306978
蔬菜,游戏机,306943
裙子,汽车装饰,306925
外套,车载电子,306867
内衣,车载电子,306837
家具,内衣,306788
车载电子,外套,306762
汽车装饰,裙子,306733
耳机,床上用品,306584
手套,游戏机,306554
饮料,水产,306540
外套,家具,306467
卫浴用品,调味品,306454
益智玩具,手套,306439
鞋子,模型,306416
米面,健身器材,306414
办公用品,智能手机,306364
蔬菜,裤子,306359
厨具,裙子,306354
裙子,厨具,306180
汽车装饰,零食,306138
婴儿用品,婴儿用品,306097
音响,模型,306089
家具,外套,306080
米面,智能手表,306060
饮料,办公用品,306047
游戏机,蔬菜,306041
围巾,音响,306032
笔记本电脑,米面,306031
零食,厨具,306018
米面,笔记本电脑,305988
鞋子,围巾,305902
调味品,卫浴用品,305828
耳机,玩具,305742
平板电脑,外套,305689
耳机,蛋奶,305625
蔬菜,益智玩具,305617
笔记本电脑,蔬菜,305613
围巾,鞋子,305578
音响,围巾,305547
婴儿用品,车载电子,305490
零食,汽车装饰,305403
厨具,零食,305383
手套,健身器材,305353
帽子,婴儿用品,305335
健身器材,米面,305325
婴儿用品,帽子,305268
床上用品,游戏机,305219
游戏机,床上用品,305194
床上用品,耳机,305143
裤子,床上用品,305127
上衣,裙子,305102
玩具,耳机,305078
裙子,上衣,305063
益智玩具,蔬菜,304994
婴儿用品,平板电脑,304986
智能手表,米面,304930
车载电子,婴儿用品,304926
手套,笔记本电脑,304919
玩具,游戏机,304892
帽子,车载电子,304845
相机,婴儿用品,304840
健身器材,手套,304764
裤子,玩具,304747
平板电脑,婴儿用品,304741
文具,鞋子,304711
蔬菜,健身器材,304639
车载电子,帽子,304598
鞋子,文具,304590
蛋奶,耳机,304577
益智玩具,玩具,304481
婴儿用品,相机,304453
裙子,办公用品,304452
耳机,户外装备,304395
蔬菜,笔记本电脑,304395
办公用品,裙子,304322
智能手机,水产,304300
婴儿用品,肉类,304240
水果,调味品,304210
帽子,平板电脑,304177
音响,文具,304139
水产,智能手机,304097
健身器材,蔬菜,304092
调味品,水果,303904
笔记本电脑,手套,303880
蛋奶,游戏机,303820
蛋奶,裤子,303782
文具,音响,303779
裤子,蛋奶,303767
帽子,帽子,303764
肉类,婴儿用品,303755
游戏机,蛋奶,303755
办公用品,零食,303712
游戏机,玩具,303694
益智玩具,蛋奶,303596
平板电脑,帽子,303592
米面,儿童课外读物,303567
相机,车载电子,303567
蛋奶,益智玩具,303506
上衣,零食,303494
内衣,米面,303493
户外装备,游戏机,303491
肉类,帽子,303491
耳机,汽车装饰,303488
平板电脑,相机,303482
户外装备,耳机,303467
零食,上衣,303463
婴儿用品,家具,303425
平板电脑,车载电子,303400
玩具,裤子,303397
帽子,肉类,303382
蔬菜,智能手表,303349
肉类,平板电脑,303341
手套,智能手表,303322
益智玩具,床上用品,303320
玩具,益智玩具,303316
汽车装饰,耳机,303308
平板电脑,肉类,303301
智能手表,蔬菜,303297
零食,办公用品,303278
肉类,车载电子,303242
肉类,相机,303207
床上用品,益智玩具,303174
手套,内衣,303160
肉类,肉类,303129
游戏机,户外装备,303047
床上用品,裤子,303047
蔬菜,儿童课外读物,303032
相机,相机,303024
米面,内衣,302995
家具,肉类,302975
帽子,相机,302963
儿童课外读物,米面,302941
相机,帽子,302822
相机,平板电脑,302814
厨具,耳机,302790
户外装备,裤子,302762
家具,平板电脑,302694
内衣,手套,302675
玩具,笔记本电脑,302669
智能手表,手套,302669
家具,婴儿用品,302602
车载电子,肉类,302568
米面,外套,302551
水产,零食,302548
车载电子,平板电脑,302538
车载电子,车载电子,302505
平板电脑,平板电脑,302496
裤子,户外装备,302458
相机,肉类,302432
车载电子,相机,302414
外套,米面,302394
游戏机,厨具,302370
笔记本电脑,蛋奶,302321
笔记本电脑,床上用品,302302
肉类,家具,302240
车载电子,家具,302234
上衣,耳机,302174
家具,车载电子,302146
帽子,家具,302019
笔记本电脑,玩具,302008
健身器材,床上用品,301986
耳机,厨具,301970
零食,水产,301948
健身器材,蛋奶,301945
水产,裙子,301911
蛋奶,健身器材,301910
内衣,蔬菜,301910
家具,帽子,301899
游戏机,汽车装饰,301898
裙子,水产,301877
手套,儿童课外读物,301871
平板电脑,家具,301815
调味品,饮料,301806
相机,家具,301805
裤子,汽车装饰,301739
户外装备,益智玩具,301702
家具,相机,301626
厨具,裤子,301586
益智玩具,户外装备,301506
床上用品,健身器材,301488
儿童课外读物,蔬菜,301483
床上用品,笔记本电脑,301462
智能手表,床上用品,301441
摄像机,模型,301435
上衣,游戏机,301412
智能手表,蛋奶,301381
智能手机,调味品,301371
厨具,益智玩具,301302
裤子,厨具,301289
厨具,游戏机,301266
玩具,健身器材,301263
汽车装饰,裤子,301249
模型,摄像机,301241
健身器材,玩具,301235
蔬菜,内衣,301228
耳机,上衣,301213
外套,手套,301175
蛋奶,笔记本电脑,301167
蛋奶,智能手表,301134
汽车装饰,游戏机,301131
儿童课外读物,手套,301026
蔬菜,外套,300906
床上用品,智能手表,300789
益智玩具,厨具,300716
饮料,调味品,300655
户外装备,笔记本电脑,300621
户外装备,健身器材,300608
家具,家具,300603
智能手表,玩具,300419
笔记本电脑,户外装备,300416
办公用品,耳机,300315
健身器材,户外装备,300282
婴儿用品,米面,300265
上衣,裤子,300238
调味品,智能手机,300227
内衣,玩具,300198
玩具,智能手表,300194
汽车装饰,益智玩具,300193
玩具,内衣,300135
外套,蔬菜,300076
裤子,上衣,299986
耳机,办公用品,299922
游戏机,上衣,299919
蛋奶,内衣,299861
益智玩具,汽车装饰,299856
笔记本电脑,厨具,299811
手套,外套,299748
摄像机,围巾,299653
厨具,健身器材,299569
上衣,益智玩具,299542
儿童课外读物,玩具,299475
儿童课外读物,床上用品,299456
卫浴用品,鞋子,299433
鞋子,水果,299411
健身器材,汽车装饰,299410
儿童课外读物,蛋奶,299367
厨具,笔记本电脑,299339
裙子,调味品,299305
米面,婴儿用品,299302
围巾,摄像机,299261
益智玩具,上衣,299258
床上用品,内衣,299251
汽车装饰,健身器材,299248
肉类,米面,299071
蛋奶,儿童课外读物,299053
办公用品,游戏机,299052
户外装备,儿童课外读物,299025
内衣,床上用品,299025
内衣,蛋奶,299018
床上用品,儿童课外读物,299004
平板电脑,米面,298944
游戏机,水产,298877
户外装备,智能手表,298812
裤子,办公用品,298809
笔记本电脑,汽车装饰,298802
水产,耳机,298783
鞋子,卫浴用品,298761
音响,水果,298590
卫浴用品,音响,298561
摄像机,文具,298547
文具,摄像机,298542
上衣,健身器材,298526
汽车装饰,笔记本电脑,298524
汽车装饰,智能手表,298508
户外装备,内衣,298463
益智玩具,办公用品,298455
音响,卫浴用品,298453
婴儿用品,蔬菜,298444
手套,婴儿用品,298406
米面,肉类,298392
玩具,外套,298381
玩具,儿童课外读物,298379
米面,相机,298355
游戏机,办公用品,298319
健身器材,厨具,298305
儿童课外读物,户外装备,298290
智能手表,户外装备,298264
户外装备,外套,298233
耳机,水产,298166
米面,帽子,298147
上衣,笔记本电脑,298123
蔬菜,婴儿用品,298060
外套,床上用品,298012
相机,手套,297988
车载电子,米面,297986
健身器材,上衣,297917
米面,平板电脑,297908
调味品,零食,297840
水产,裤子,297827
床上用品,外套,297801
相机,米面,297781
内衣,户外装备,297747
家具,米面,297638
水产,游戏机,297587
蛋奶,外套,297584
办公用品,裤子,297518
调味品,裙子,297508
蔬菜,肉类,297426
蔬菜,帽子,297414
外套,蛋奶,297410
肉类,蔬菜,297388
帽子,米面,297374
外套,玩具,297280
厨具,智能手表,297249
米面,车载电子,297228
手套,平板电脑,297209
手套,帽子,297166
车载电子,手套,297119
零食,调味品,297106
帽子,蔬菜,297038
相机,蔬菜,297036
婴儿用品,手套,297031
儿童课外读物,厨具,297026
办公用品,益智玩具,297023
手套,相机,296972
汽车装饰,儿童课外读物,296964
笔记本电脑,上衣,296960
手套,肉类,296946
智能手表,厨具,296923
内衣,厨具,296886
智能手表,汽车装饰,296858
上衣,智能手表,296820
米面,家具,296812
裤子,水产,296763
平板电脑,手套,296743
水果,鞋子,296724
办公用品,健身器材,296637
蔬菜,平板电脑,296619
外套,厨具,296612
笔记本电脑,办公用品,296611
帽子,手套,296582
肉类,手套,296565
手套,车载电子,296555
蔬菜,车载电子,296543
益智玩具,水产,296485
办公用品,笔记本电脑,296461
智能手表,上衣,296460
汽车装饰,内衣,296407
儿童课外读物,汽车装饰,296342
办公用品,智能手表,296339
水果,音响,296322
家具,手套,296292
厨具,儿童课外读物,296268
水产,笔记本电脑,296262
厨具,内衣,296216
婴儿用品,玩具,296146
手套,家具,296072
婴儿用品,床上用品,296059
平板电脑,蔬菜,296032
蔬菜,相机,296015
上衣,内衣,295880
健身器材,办公用品,295866
外套,户外装备,295847
蛋奶,婴儿用品,295832
上衣,儿童课外读物,295750
内衣,汽车装饰,295725
调味品,耳机,295633
车载电子,蔬菜,295582
蔬菜,家具,295460
儿童课外读物,上衣,295448
水产,益智玩具,295389
鞋子,饮料,295380
蛋奶,车载电子,295341
健身器材,水产,295297
家具,蔬菜,295217
婴儿用品,蛋奶,295210
厨具,外套,295189
智能手表,办公用品,295135
饮料,鞋子,295112
饮料,音响,295094
外套,汽车装饰,295039
内衣,上衣,294979
帽子,床上用品,294974
外套,上衣,294896
办公用品,儿童课外读物,294883
音响,饮料,294821
玩具,相机,294808
耳机,调味品,294806
车载电子,床上用品,294799
笔记本电脑,水产,294793
蛋奶,帽子,294788
床上用品,婴儿用品,294697
床上用品,肉类,294675
儿童课外读物,办公用品,294664
水产,健身器材,294617
玩具,车载电子,294591
玩具,帽子,294589
相机,蛋奶,294556
鞋子,智能手机,294542
相机,床上用品,294520
户外装备,平板电脑,294448
床上用品,车载电子,294426
婴儿用品,户外装备,294411
平板电脑,玩具,294398
办公用品,内衣,294393
相机,玩具,294377
肉类,床上用品,294360
智能手表,水产,294350
户外装备,婴儿用品,294344
内衣,办公用品,294340
蛋奶,相机,294295
肉类,玩具,294242
上衣,外套,294234
车载电子,玩具,294202
玩具,婴儿用品,294197
车载电子,蛋奶,294195
蛋奶,肉类,294193
床上用品,平板电脑,294189
智能手机,音响,294164
肉类,蛋奶,294140
床上用品,帽子,294139
蛋奶,平板电脑,294096
汽车装饰,外套,294073
平板电脑,床上用品,294063
家具,床上用品,294061
游戏机,调味品,294007
帽子,玩具,293969
调味品,游戏机,293938
床上用品,相机,293920
床上用品,家具,293846
帽子,蛋奶,293812
玩具,平板电脑,293692
内衣,水产,293607
摄像机,卫浴用品,293589
平板电脑,蛋奶,293584
户外装备,肉类,293548
裤子,调味品,293483
厨具,婴儿用品,293462
水产,智能手表,293449
办公用品,外套,293425
调味品,益智玩具,293425
肉类,汽车装饰,293401
家具,蛋奶,293332
外套,办公用品,293325
米面,米面,293325
音响,智能手机,293312
玩具,肉类,293296
家具,玩具,293296
调味品,裤子,293289
卫浴用品,摄像机,293217
智能手机,鞋子,293212
蛋奶,家具,293196
户外装备,相机,293151
玩具,家具,293119
益智玩具,调味品,293013
相机,户外装备,292954
平板电脑,户外装备,292946
车载电子,户外装备,292934
汽车装饰,婴儿用品,292904
婴儿用品,汽车装饰,292851
婴儿用品,厨具,292846
肉类,户外装备,292725
车载电子,汽车装饰,292707
户外装备,帽子,292658
厨具,车载电子,292641
水产,内衣,292595
户外装备,车载电子,292539
儿童课外读物,水产,292536
帽子,户外装备,292423
摄像机,水果,292404
外套,水产,292314
户外装备,家具,292259
相机,汽车装饰,292237
平板电脑,汽车装饰,292198
手套,米面,292098
上衣,婴儿用品,292053
水产,儿童课外读物,292050
家具,户外装备,292024
厨具,肉类,291978
米面,蔬菜,291969
蔬菜,米面,291931
调味品,健身器材,291919
汽车装饰,车载电子,291889
相机,厨具,291788
汽车装饰,帽子,291778
调味品,笔记本电脑,291748
汽车装饰,平板电脑,291705
帽子,汽车装饰,291670
婴儿用品,上衣,291668
汽车装饰,肉类,291647
厨具,平板电脑,291572
肉类,厨具,291513
音响,零食,291494
帽子,厨具,291426
水产,外套,291377
汽车装饰,相机,291353
健身器材,调味品,291351
厨具,帽子,291284
鞋子,裙子,291276
裙子,音响,291262
米面,手套,291145
音响,裙子,291141
笔记本电脑,调味品,291062
蔬菜,蔬菜,291042
平板电脑,厨具,291038
上衣,平板电脑,290968
家具,厨具,290937
调味品,智能手表,290937
水果,摄像机,290925
厨具,相机,290883
裙子,鞋子,290862
上衣,相机,290842
办公用品,婴儿用品,290792
蔬菜,手套,290763
鞋子,零食,290763
车载电子,上衣,290712
车载电子,厨具,290662
上衣,车载电子,290602
上衣,肉类,290601
手套,手套,290557
帽子,上衣,290511
相机,上衣,290465
上衣,帽子,290399
家具,汽车装饰,290367
汽车装饰,家具,290242
零食,鞋子,290176
婴儿用品,办公用品,290092
蛋奶,米面,290038
水产,婴儿用品,289997
肉类,上衣,289954
手套,蔬菜,289916
办公用品,帽子,289876
床上用品,米面,289847
平板电脑,上衣,289796
上衣,家具,289778
厨具,家具,289667
零食,音响,289644
米面,床上用品,289621
家具,办公用品,289589
智能手表,调味品,289582
办公用品,平板电脑,289530
车载电子,办公用品,289404
帽子,办公用品,289355
摄像机,饮料,289344
饮料,摄像机,289161
儿童课外读物,调味品,289086
婴儿用品,水产,289085
米面,玩具,289083
办公用品,车载电子,289078
办公用品,肉类,289041
办公用品,相机,288998
相机,办公用品,288978
平板电脑,办公用品,288955
手套,玩具,288916
音响,耳机,288892
摄像机,智能手机,288845
家具,上衣,288821
调味品,儿童课外读物,288803
水产,平板电脑,288666
水产,肉类,288633
内衣,调味品,288631
蔬菜,玩具,288587
床上用品,手套,288584
智能手机,摄像机,288565
调味品,内衣,288511
耳机,鞋子,288455
水产,帽子,288437
水产,相机,288432
米面,蛋奶,288353
肉类,办公用品,288349
玩具,米面,288315
手套,蛋奶,288292
蔬菜,床上用品,288268
米面,户外装备,288241
蔬菜,蛋奶,288210
办公用品,家具,288124
手套,床上用品,288102
鞋子,耳机,288101
耳机,音响,287999
帽子,水产,287988
户外装备,米面,287977
蛋奶,蔬菜,287962
游戏机,鞋子,287954
床上用品,蔬菜,287919
相机,水产,287863
调味品,外套,287858
玩具,手套,287796
外套,调味品,287685
车载电子,水产,287592
平板电脑,水产,287576
户外装备,蔬菜,287536
蛋奶,手套,287429
手套,户外装备,287403
音响,裤子,287311
肉类,水产,287240
水产,车载电子,287194
蔬菜,户外装备,287142
玩具,蔬菜,287090
汽车装饰,米面,287029
家具,水产,286973
厨具,米面,286959
鞋子,游戏机,286853
音响,游戏机,286737
米面,汽车装饰,286655
鞋子,益智玩具,286609
游戏机,音响,286594
户外装备,手套,286492
蔬菜,厨具,286435
裙子,摄像机,286382
裤子,鞋子,286314
水产,家具,286273
蛋奶,蛋奶,286184
鞋子,裤子,286180
裤子,音响,286092
玩具,玩具,286034
床上用品,蛋奶,285984
上衣,米面,285926
益智玩具,鞋子,285889
米面,厨具,285852
手套,汽车装饰,285844
厨具,手套,285824
厨具,蔬菜,285776
蛋奶,床上用品,285692
摄像机,裙子,285668
汽车装饰,手套,285645
玩具,床上用品,285571
手套,厨具,285507
音响,益智玩具,285439
蔬菜,汽车装饰,285363
汽车装饰,蔬菜,285347
床上用品,床上用品,285342
米面,上衣,285326
婴儿用品,调味品,285325
笔记本电脑,鞋子,285316
床上用品,玩具,285268
益智玩具,音响,285167
鞋子,健身器材,285167
调味品,婴儿用品,285073
蛋奶,玩具,285071
鞋子,笔记本电脑,285063
摄像机,零食,285002
平板电脑,调味品,284883
健身器材,鞋子,284819
音响,笔记本电脑,284809
音响,健身器材,284786
玩具,户外装备,284688
办公用品,米面,284577
零食,摄像机,284535
户外装备,床上用品,284480
手套,上衣,284443
户外装备,蛋奶,284408
床上用品,户外装备,284369
玩具,蛋奶,284323
蛋奶,户外装备,284318
笔记本电脑,音响,284310
车载电子,调味品,284220
上衣,手套,284211
户外装备,玩具,284148
帽子,调味品,284104
肉类,调味品,284087
调味品,平板电脑,284073
上衣,蔬菜,284025
调味品,车载电子,284019
调味品,相机,284002
调味品,肉类,283950
调味品,帽子,283852
相机,调味品,283768
户外装备,户外装备,283762
音响,智能手表,283730
办公用品,蔬菜,283667
智能手表,音响,283647
健身器材,音响,283640
蔬菜,上衣,283634
米面,办公用品,283608
蛋奶,汽车装饰,283489
上衣,玩具,283444
汽车装饰,床上用品,283365
家具,调味品,283310
厨具,床上用品,283265
智能手表,鞋子,283203
米面,水产,283195
水产,米面,283136
蛋奶,厨具,283103
办公用品,手套,283101
厨具,玩具,283090
汽车装饰,玩具,283042
摄像机,耳机,282988
调味品,家具,282956
内衣,鞋子,282928
蔬菜,办公用品,282908
鞋子,儿童课外读物,282905
厨具,蛋奶,282794
汽车装饰,蛋奶,282786
玩具,厨具,282784
水产,手套,282732
玩具,汽车装饰,282689
儿童课外读物,音响,282652
床上用品,厨具,282599
音响,儿童课外读物,282543
内衣,音响,282540
裤子,摄像机,282538
手套,办公用品,282366
床上用品,汽车装饰,282322
鞋子,智能手表,282295
户外装备,汽车装饰,282289
鞋子,内衣,282288
蛋奶,上衣,282279
上衣,蛋奶,282146
耳机,摄像机,282134
手套,水产,282110
摄像机,游戏机,281965
床上用品,办公用品,281948
上衣,户外装备,281721
上衣,床上用品,281699
厨具,厨具,281615
户外装备,厨具,281590
音响,内衣,281517
水产,蔬菜,281377
益智玩具,摄像机,281262
汽车装饰,汽车装饰,281121
儿童课外读物,鞋子,281095
摄像机,裤子,281076
办公用品,玩具,281037
鞋子,外套,281004
厨具,汽车装饰,280934
汽车装饰,户外装备,280899
床上用品,上衣,280808
户外装备,上衣,280771
玩具,办公用品,280737
蔬菜,水产,280705
摄像机,益智玩具,280648
外套,音响,280620
玩具,上衣,280545
健身器材,摄像机,280487
厨具,户外装备,280465
汽车装饰,厨具,280457
音响,外套,280424
外套,鞋子,280382
汽车装饰,上衣,280091
笔记本电脑,摄像机,280088
上衣,汽车装饰,280083
蛋奶,办公用品,280079
游戏机,摄像机,279999
办公用品,蛋奶,279985
玩具,水产,279954
办公用品,床上用品,279778
蛋奶,水产,279755
办公用品,户外装备,279724
水产,蛋奶,279682
水产,床上用品,279629
办公用品,汽车装饰,279508
米面,调味品,279486
调味品,米面,279454
摄像机,健身器材,279429
厨具,上衣,279336
婴儿用品,鞋子,279317
摄像机,笔记本电脑,279050
上衣,厨具,278901
汽车装饰,办公用品,278887
厨具,办公用品,278866
音响,婴儿用品,278739
婴儿用品,音响,278731
水产,玩具,278692
户外装备,办公用品,278683
上衣,上衣,278670
户外装备,水产,278667
鞋子,相机,278606
床上用品,水产,278574
智能手表,摄像机,278490
鞋子,婴儿用品,278391
摄像机,智能手表,278295
音响,平板电脑,278274
帽子,音响,278226
相机,鞋子,278210
办公用品,厨具,278209
鞋子,平板电脑,278157
车载电子,鞋子,277977
调味品,蔬菜,277886
音响,肉类,277817
帽子,鞋子,277810
音响,相机,277742
音响,车载电子,277732
水产,汽车装饰,277710
肉类,音响,277679
手套,调味品,277632
蔬菜,调味品,277569
水产,户外装备,277566
儿童课外读物,摄像机,277512
平板电脑,鞋子,277461
摄像机,内衣,277411
车载电子,音响,277381
平板电脑,音响,277370
调味品,手套,277359
肉类,鞋子,277345
厨具,水产,277246
鞋子,车载电子,277224
汽车装饰,水产,277193
办公用品,上衣,277169
摄像机,儿童课外读物,277125
音响,家具,277068
音响,帽子,277016
水产,厨具,276936
鞋子,肉类,276777
相机,音响,276775
鞋子,家具,276773
内衣,摄像机,276695
上衣,办公用品,276653
鞋子,帽子,276651
外套,摄像机,276119
家具,鞋子,276090
家具,音响,276065
上衣,水产,276027
调味品,床上用品,276017
蛋奶,调味品,275952
摄像机,外套,275919
床上用品,调味品,275834
水产,上衣,275817
调味品,蛋奶,275473
玩具,调味品,275386
办公用品,办公用品,275245
办公用品,水产,274833
调味品,玩具,274812
户外装备,调味品,274719
厨具,调味品,274136
婴儿用品,摄像机,273981
调味品,厨具,273881
调味品,户外装备,273860
水产,办公用品,273824
米面,音响,273719
汽车装饰,调味品,273483
摄像机,婴儿用品,273308
摄像机,平板电脑,273020
水产,水产,272969
上衣,调味品,272968
摄像机,相机,272889
调味品,上衣,272828
调味品,汽车装饰,272678
米面,鞋子,272407
车载电子,摄像机,272398
音响,手套,272388
蔬菜,鞋子,272356
帽子,摄像机,272350
平板电脑,摄像机,272232
鞋子,米面,272223
鞋子,手套,272122
摄像机,帽子,272084
摄像机,车载电子,272022
蔬菜,音响,271936
音响,米面,271934
相机,摄像机,271909
手套,鞋子,271726
肉类,摄像机,271710
摄像机,家具,271692
摄像机,肉类,271677
手套,音响,271674
音响,蔬菜,271588
鞋子,蔬菜,271485
办公用品,调味品,271128
调味品,办公用品,271094
家具,摄像机,270710
床上用品,音响,270088
水产,调味品,270062
床上用品,鞋子,269956
鞋子,玩具,269876
音响,蛋奶,269769
蛋奶,鞋子,269604
玩具,鞋子,269460
调味品,水产,269229
音响,床上用品,269206
蛋奶,音响,269100
鞋子,床上用品,269049
鞋子,蛋奶,268857
玩具,音响,268772
户外装备,鞋子,268207
摄像机,手套,268089
户外装备,音响,268087
音响,玩具,267998
音响,汽车装饰,267977
鞋子,户外装备,267949
音响,户外装备,267687
米面,摄像机,267672
汽车装饰,鞋子,267559
摄像机,米面,267463
鞋子,汽车装饰,267439
鞋子,厨具,267394
汽车装饰,音响,267113
音响,厨具,266969
厨具,音响,266849
手套,摄像机,266752
厨具,鞋子,266357
调味品,调味品,266117
上衣,鞋子,266064
蔬菜,摄像机,265832
摄像机,蔬菜,265700
上衣,音响,265679
鞋子,上衣,265655
办公用品,音响,265549
音响,上衣,265399
办公用品,鞋子,265177
玩具,摄像机,265066
摄像机,蛋奶,265032
摄像机,床上用品,264627
摄像机,玩具,264525
蛋奶,摄像机,264435
鞋子,办公用品,264359
音响,办公用品,264030
鞋子,水产,263982
床上用品,摄像机,263980
摄像机,户外装备,263917
音响,水产,263893
水产,鞋子,263813
户外装备,摄像机,263767
水产,音响,263734
摄像机,厨具,262127
厨具,摄像机,262024
摄像机,汽车装饰,261899
汽车装饰,摄像机,261037
调味品,鞋子,261001
办公用品,摄像机,260840
音响,调味品,260712
摄像机,上衣,260496
调味品,音响,260417
上衣,摄像机,260357
鞋子,调味品,259575
摄像机,办公用品,259182
水产,摄像机,258797
摄像机,水产,258759
调味品,摄像机,255700
摄像机,调味品,255508
音响,鞋子,254513
音响,音响,254507
鞋子,音响,254485
鞋子,鞋子,253658
摄像机,音响,249596
摄像机,鞋子,249211
鞋子,摄像机,249191
音响,摄像机,249155
摄像机,摄像机,245061
